event_title,n_outcomes,n_event_markets,complete,yes_sum,deviation,ask_sum,bid_sum,long_edge,short_edge,net_edge,tradeable,volume
# of views of next MrBeast video on day 1?,7,7,True,1.0530000000000002,0.05300000000000016,1.089,1.017,-0.08899999999999997,0.016999999999999904,0.016999999999999904,True,84354.302746
Balance of Power: 2026 Midterms,5,5,True,1.025,0.02499999999999991,1.0410000000000001,1.009,-0.04100000000000015,0.008999999999999897,0.008999999999999897,True,15482222.564015996
Brazil Presidential Election First Round: Renan Santos Vote Share?,5,5,True,1.0275,0.02750000000000008,1.0499999999999998,1.005,-0.04999999999999982,0.004999999999999893,0.004999999999999893,True,231482.51390499997
Pro Football: 2027 Champion,32,33,False,1.036,0.03600000000000003,1.069,1.0030000000000001,-0.06899999999999995,0.0030000000000001137,0.0030000000000001137,True,62691422.88012899
Fed Decision in December?,5,5,True,0.977,-0.02300000000000002,0.997,0.957,0.0030000000000000027,-0.04300000000000004,0.0030000000000000027,True,2509617.927546
Worlds 2026: Winner,18,20,False,1.06,0.06000000000000005,1.117,1.003,-0.11699999999999999,0.0029999999999998916,0.0029999999999998916,True,235432.083349
Which company has best AI model end of 2026?,15,26,False,1.0325000000000002,0.032500000000000195,1.064,1.001,-0.06400000000000006,0.0009999999999998899,0.0009999999999998899,True,1987743.7244509999
Brazil Presidential Election First Round: Margin of Victory,11,11,True,1.0325,0.03249999999999997,1.0639999999999996,1.001,-0.06399999999999961,0.0009999999999998899,0.0009999999999998899,True,809669.101085
Latvia vs. Montenegro - Exact Score,17,17,True,1.4625,0.4624999999999999,2.025,0.9000000000000001,-1.025,-0.09999999999999987,0.0,False,34858.375597
Where will Putin and Zelenskyy meet next?,29,29,True,1.1070000000000002,0.1070000000000002,1.261,0.9530000000000001,-0.2609999999999999,-0.04699999999999993,0.0,False,147506.92919300002
UEFA Champions League: 2027 Champion,36,42,False,1.0405000000000002,0.0405000000000002,1.0910000000000002,0.9900000000000001,-0.09100000000000019,-0.009999999999999898,0.0,False,44116892.294888005
Highest temperature in Chicago on October 2?,11,11,True,1.0364999999999998,0.036499999999999755,1.0859999999999996,0.987,-0.08599999999999963,-0.013000000000000012,0.0,False,48076.556667000004
NBA: 2027 Champion,30,36,False,1.028,0.028000000000000025,1.064,0.992,-0.06400000000000006,-0.008000000000000007,0.0,False,23240176.084037
# of views of MrBeast Gaming video week 1?,8,8,True,0.9794999999999999,-0.020500000000000074,1.018,0.941,-0.018000000000000016,-0.05900000000000005,0.0,False,298792.04269100004
MLB World Series Champion 2026,30,31,False,1.0205,0.020499999999999963,1.0599999999999998,0.9810000000000001,-0.05999999999999983,-0.018999999999999906,0.0,False,42727534.18027699
